Category,Band,Product name,Retailer,Positioning,Price shown (USD),URL,Research date,Price confidence
Ceylon / Sri Lankan Moonstone,A · Small / Basic,10mm Moonstone Stud Earrings in Sterling Silver,Ross-Simons,commodity,66.75,https://www.ross-simons.com/jewelry/gemstones--moonstone/,2026-08-11,"price in search snippet ($66.75 on sale from $89), verify on page"
Ceylon / Sri Lankan Moonstone,A · Small / Basic,Moonstone Tennis Bracelet in Sterling Silver,Ross-Simons,commodity,129.50,https://www.ross-simons.com/jewelry/bracelets/939320.html,2026-08-11,"price via eBay/Ross-Simons snippet ($129.50 from $185), verify on page"
Ceylon / Sri Lankan Moonstone,A · Small / Basic,Moonstone Stud Earrings (MOON),Bluemoonstone Creations,boutique,60.00,https://bluemoonstone.net/collections/silver-gold-gemstone-earrings,2026-08-11,"price in search snippet ($60), verify on page"
Ceylon / Sri Lankan Moonstone,A · Small / Basic,Moonstone Drop Earrings in Sterling Silver,Ross-Simons,commodity,,https://www.ross-simons.com/moonstone-drop-earrings-in-sterling-silver--885874.html,2026-08-11,price not shown in results; verify on page
Ceylon / Sri Lankan Moonstone,A · Small / Basic,Moonstone Ring Sterling Silver Adjustable Ring Blue Fire,Etsy,boutique,,https://www.etsy.com/listing/1105354185/moonstone-ring-sterling-silver,2026-08-11,price not shown in results; verify on Etsy listing
Ceylon / Sri Lankan Moonstone,B · Better Everyday,Moonstone & Blue Topaz Ring (18kt Rose Gold Vermeil),Moon Magic,boutique,203.50,https://moonmagic.com/products/moonstone-white-topaz-ring-my-match,2026-08-11,"price in search snippet ($203.50 sale from $238.70), verify on page"
Ceylon / Sri Lankan Moonstone,B · Better Everyday,"Turquoise, Moonstone and Blue Quartz Drop Earrings in 18kt Gold Over Sterling",Ross-Simons,commodity,179.00,https://www.ross-simons.com/moonstone-drop-earrings-in-18kt-gold-over-sterling-881452.html,2026-08-11,"price in search snippet ($179 from $219), verify on page"
Ceylon / Sri Lankan Moonstone,B · Better Everyday,Silver Moonstone Sun Studs (SUNNA),Bluemoonstone Creations,boutique,80.00,https://bluemoonstone.net/collections/silver-gold-gemstone-earrings,2026-08-11,"price in search snippet ($80), verify on page"
Ceylon / Sri Lankan Moonstone,B · Better Everyday,Blue Flash Moonstone Necklace: Sterling Silver Geometric Gemstone Pendant,Etsy,artisan,,https://www.etsy.com/listing/276088490/blue-flash-moonstone-necklace-sterling,2026-08-11,price not shown in results; verify on Etsy listing
Ceylon / Sri Lankan Moonstone,B · Better Everyday,Moonstone Ring 14k Gold - Elisa,Linjer,fine jewelry,255.00,https://www.linjer.co/en-us/products/moonstone-ring-14k-gold-elisa,2026-08-11,"price in search snippet ($255 sale from $319), verify on page"
Ceylon / Sri Lankan Moonstone,C · Premium,Sheena Moonstone Ring - 14K Gold with Blue Moonstone,Sam Gavriel Fine Jewelry,fine jewelry,,https://samgavriel.com/products/sheena-moonstone-ring,2026-08-11,price not shown in results; verify on page
Ceylon / Sri Lankan Moonstone,C · Premium,Blue Sheen Moonstone 14k Yellow Gold Ring (Handcrafted),Curated Los Angeles,fine jewelry,,https://www.curated-losangeles.com/products/blue-sheen-moonstone,2026-08-11,price not shown in results; verify on page
Ceylon / Sri Lankan Moonstone,C · Premium,14K Blue Sheen Moonstone Ring,Adrian Rose Jewelry,fine jewelry,,https://adrianrosejewelry.com/products/14k-blue-sheen-moonstone-ring,2026-08-11,price not shown in results; verify on page
Ceylon / Sri Lankan Moonstone,C · Premium,"14K Blue Sheen Moonstone Ring (3.27 ct, diamond accents)",1stDibs,fine jewelry,2800.00,https://www.1stdibs.com/jewelry/rings/cocktail-rings/14k-blue-sheen-moonstone-ring/id-j_26719002,2026-08-11,"price in search snippet ($2,800), verify on page"
Ceylon / Sri Lankan Moonstone,C · Premium,18 Karat Gold Ceylon Moonstone Daisy Bezel Ring,1stDibs (Faye Kim),fine jewelry,2000.00,https://www.1stdibs.com/jewelry/rings/fashion-rings/faye-kim-18-karat-gold-ceylon-moonstone-daisy-ring/id-j_8562772/,2026-08-11,"price in search snippet ($2,000 from $2,395), verify on page"
Ceylon / Sri Lankan Moonstone,C · Premium,18 Karat Gold Ceylon Moonstone Daisy Gold Pendant,1stDibs (Faye Kim),fine jewelry,2450.00,https://www.1stdibs.com/jewelry/necklaces/pendant-necklaces/faye-kim-18-karat-gold-ceylon-moonstone-daisy-gold-pendant/id-j_23645092,2026-08-11,"price in search snippet ($2,450), verify on page"
Ceylon / Sri Lankan Moonstone,C · Premium,Blue Flash Rainbow Moonstone 14k Gold Teardrop Pendant,Etsy,artisan,,https://www.etsy.com/listing/1779169349/blue-flash-rainbow-moonstone-14k-gold,2026-08-11,price not shown in results; verify on Etsy listing
Ceylon / Sri Lankan Moonstone,D · Hero / Collector,18 Karat Gold Blue Moonstone Cushion Bezel Ring (2.82 cts),1stDibs (Faye Kim),fine jewelry,4695.00,https://www.1stdibs.com/jewelry/rings/cocktail-rings/faye-kim-18-karat-gold-blue-moonstone-cushion-bezel-ring-282-cts/id-j_25014942,2026-08-11,"price in search snippet ($4,695), verify on page"
Ceylon / Sri Lankan Moonstone,D · Hero / Collector,18 Karat Ceylon Blue Moonstone Daisy Cocktail Ring,1stDibs (Faye Kim),fine jewelry,4200.00,https://www.1stdibs.com/jewelry/rings/cocktail-rings/faye-kim-18-karat-ceylon-blue-moonstone-daisy-cocktail-ring/id-j_17909932,2026-08-11,"price in search snippet ($4,200), verify on page"
Ceylon / Sri Lankan Moonstone,D · Hero / Collector,Moonstone Cocktail Ring with Ceylon Blue Sapphire & Pave Diamonds in 14k Gold,1stDibs,fine jewelry,7480.00,https://www.1stdibs.com/jewelry/rings/cocktail-rings/moonstone-cocktail-ring-ceylon-blue-sapphire-pave-diamonds-14k-gold/id-j_26762722,2026-08-11,"price in search snippet ($7,480), verify on page"
Ceylon / Sri Lankan Moonstone,D · Hero / Collector,Octagon Shaped Moonstone Ring with Blue Sapphire & Diamonds in 14k Gold,1stDibs,fine jewelry,3240.00,https://www.1stdibs.com/jewelry/rings/fashion-rings/octogen-shaped-moonstone-ring-accented-blue-sapphire-diamonds-14k-gold/id-j_25917732,2026-08-11,"price in search snippet ($3,240), verify on page"
Ceylon / Sri Lankan Moonstone,D · Hero / Collector,Ceylon Blue Moonstone Ring with D Flawless Diamonds set in 18K Yellow Gold (KF06595),Kat Florence,luxury,,https://www.katflorence.com/products/ceylon-blue-moonstone-ring-with-d-flawless-diamonds-set-in-18k-yellow-gold-kf06595,2026-08-11,"USD price not shown; comparable Kat Florence Ceylon moonstone rings quoted in the EUR 17,000-52,000 range in results"
Rainbow Moonstone / White Labradorite,Affordable,"Rainbow Moonstone Stud Earrings, 925 Sterling Silver, Handmade",Etsy (multiple high-review shops),commodity,,https://www.etsy.com/listing/756709469/rainbow-moonstone-stud-earrings-925,2026-08-11,"price not shown in results; this is the highest-volume category on Etsy, typically ~$15-45 a pair, verify on page"
Rainbow Moonstone / White Labradorite,Middle-Market,Rainbow Moonstone Drop Earrings (14k gold vermeil bezel),Made In Earth US,boutique,170.00,https://madeinearthus.com/products/rainbow-moonstone-drop-earrings-7,2026-08-11,"price shown in search snippet ($170), verify on page"
Rainbow Moonstone / White Labradorite,Affordable,"Rainbow Moonstone Bracelet, 925 Sterling Silver, Pear Gemstone",Etsy (Star Seller / bestseller shops),commodity,,https://www.etsy.com/listing/1457704203/rainbow-moonstone-bracelet-925-sterling,2026-08-11,"price not shown in results; category typically ~$25-60, verify on page"
Rainbow Moonstone / White Labradorite,Affordable,Rainbow Moonstone Sterling Silver Statement Pendant (large cabochon),Etsy (handmade statement shops),artisan,,https://www.etsy.com/listing/1563869500/handmade-rainbow-moonstone-pendant,2026-08-11,"price not shown in results; handmade silver statement pendants typically ~$40-90, verify on page"
Rainbow Moonstone / White Labradorite,Middle-Market,"Rainbow Moonstone & White Topaz Ring, 18ct Gold Vermeil",Aspinal of London,boutique,220.00,https://www.aspinaloflondon.com/products/gemstone-ring-in-rainbow-moonstone-white-topaz-and-18ct-gold-vermeil,2026-08-11,"price shown in search snippet ($220), verify on page"
Rainbow Moonstone / White Labradorite,Middle-Market,Gold Vermeil Rainbow Moonstone Ring (LUNA / CASSANDRA styles),Bluemoonstone Creations,boutique,200.00,https://bluemoonstone.net/collections/gold-vermeil-collection,2026-08-11,"price range shown in search snippet ($200 LUNA, $320 CASSANDRA), verify on page"
Rainbow Moonstone / White Labradorite,Artisan / One-of-a-kind,Moonstone Homespun Ring (Satomi Kawakita),Catbird,fine jewelry,367.00,https://www.catbirdnyc.com/moonstone-homespun-ring.html,2026-08-11,"price shown in search snippet ($367), verify on page"
Rainbow Moonstone / White Labradorite,Premium,Rainbow Moonstone Wishing Well Ring (with two white diamonds),Catbird,fine jewelry,,https://www.catbirdnyc.com/rainbow-moonstone-wishing-well-ring.html,2026-08-11,"price not shown in results; Catbird solid-gold diamond-accent rings typically ~$500-900, verify on page"
Rainbow Moonstone / White Labradorite,Premium,"Rainbow Moonstone Round Pendant, 18k Yellow Gold",1stDibs,fine jewelry,420.00,https://www.1stdibs.com/jewelry/necklaces/pendant-necklaces/rainbow-moonstone-round-pendant-18k-yellow-gold/id-j_15835522,2026-08-11,"price shown in search snippet ($420, reduced from $495), verify on page"
Rainbow Moonstone / White Labradorite,Premium,"Rainbow Moonstone Dangling/Stud Earrings, 14k Solid Yellow Gold with Diamond",Chordia Jewels,fine jewelry,,https://www.chordiajewels.com/products/genuine-rainbow-moonstone-dangling-earrings-14k-solid-yellow-gold-diamond-minimalist-studs-8mm-round-cut-gemstone-fine-jewelry,2026-08-11,"price not shown in results; solid-14k moonstone+diamond earrings typically ~$300-600, verify on page"
Rainbow Moonstone / White Labradorite,Luxury / Exceptional,Denise Betesh Entrancing Oval Rainbow Moonstone One-of-a-Kind Ring,1stDibs (Denise Betesh / Santa Fe designer),luxury,1590.00,https://www.1stdibs.com/jewelry/rings/fashion-rings/denise-betesh-entrancing-oval-rainbow-moonstone-one-kind-ring/id-j_6344772,2026-08-11,"price shown in search snippet ($1,590, reduced from $1,990), verify on page"
Rainbow Moonstone / White Labradorite,Luxury / Exceptional,Steven Battelle 12.6 ct Rainbow Moonstone 22k Gold Ring,1stDibs (Steven Battelle),luxury,,https://www.1stdibs.com/jewelry/rings/cocktail-rings/steven-battelle-126-carats-rainbow-moonstone-22k-gold-ring/id-j_17362012,2026-08-11,"price not shown in results; comparable 1stDibs 22k moonstone cocktail rings run ~$1,500-3,000, verify on page"
Ceylon / Sri Lankan Blue Sapphire,A · Small / Basic,"Small Ceylon Sapphire Huggie Hoop (9kt solid yellow gold, 7 pavé Ceylon sapphires)",Otiumberg,boutique / fine jewelry,170.00,https://otiumberg.com/products/ceylon-sapphire-huggie-hoop,2026-08-11,GBP price shown in search snippet (£170); USD approximate; verify on page and confirm current stock (was out of stock)
Ceylon / Sri Lankan Blue Sapphire,A · Small / Basic,"Tiny Ceylon Sapphire Stud (single small Ceylon sapphire, solid gold)",Otiumberg,boutique / fine jewelry,,https://otiumberg.com/products/ceylon-sapphire-stud,2026-08-11,price not shown in results; verify on page
Ceylon / Sri Lankan Blue Sapphire,A · Small / Basic,"Ceylon Blue Sapphire & Moissanite Cluster Ring, Rhodium over Sterling Silver, 1.40 ctw",Shop LC,commodity / value TV-shopping,,https://www.shoplc.com/ceylon-blue-sapphire-and-moissanite-cluster-ring-in-rhodium-over-sterling-silver-size-5.0-1.40-ctw/p/7826133.html,2026-08-11,"price not shown in results; Shop LC uses frequent deep-discount pricing, verify carefully on page"
Ceylon / Sri Lankan Blue Sapphire,A · Small / Basic,"2.5 Carat Natural Blue Ceylon Sapphire Sterling Silver 925 Handmade Ring (unisex, resizable)",Etsy (independent maker),artisan / commodity,,https://www.etsy.com/listing/1793815483/25-carat-natural-blue-ceylon-sapphire,2026-08-11,price and sales/review count not shown in results; verify on Etsy listing
Ceylon / Sri Lankan Blue Sapphire,A · Small / Basic,"Ceylon Blue Sapphire Pendant, Pear cut, Sterling Silver Necklace",Etsy (independent maker),artisan / commodity,,https://www.etsy.com/listing/1839868655/ceylon-blue-sapphire-pendant-pear,2026-08-11,price not shown in results; verify on Etsy listing
Ceylon / Sri Lankan Blue Sapphire,B · Better Everyday,"Ceylon Blue Sapphire Stud Earrings, 14k White Gold, 4.5mm Round",Etsy (independent maker),artisan / fine jewelry,,https://www.etsy.com/listing/1538262779/ceylon-blue-sapphire-stud-earrings-14k,2026-08-11,price and sales count not shown in results; verify on Etsy listing
Ceylon / Sri Lankan Blue Sapphire,B · Better Everyday,"Ceylon Blue Sapphire Stud Earrings, 14K White Gold, 1.00 Carat, Handmade",Jewelry by Garo,fine jewelry / independent,,https://www.jewelrybygaro.com/ceylon-blue-sapphire-stud-earrings-14k-white-gold-1-00-carat-handmade-birthstone,2026-08-11,price not shown in results; verify on retailer page
Ceylon / Sri Lankan Blue Sapphire,B · Better Everyday,14K Gold 1.05 CTW Ceylon Blue Sapphire Stud Earrings,Harris Jewelers,fine jewelry / independent,,https://harrisjewelersnm.com/products/14k-gold-1-05ctw-ceylon-blue-sapphire-stud-earrings,2026-08-11,price not shown in results; verify on retailer page
Ceylon / Sri Lankan Blue Sapphire,B · Better Everyday,"Blue Sapphire Tennis/Line Bracelet, Round 1.58 Ct., 14K Yellow Gold (#J9749, 93 Ceylon sapphires)",The Natural Sapphire Company,fine jewelry (specialist Ceylon dealer),,https://www.thenaturalsapphirecompany.com/sapphire-bracelets-bangles/ceylon-sri-lankan-blue-sapphire-tennis-line-bracelet-round-1.58ct-14k-yellow-gold-j9749/,2026-08-11,price not shown in results; verify on TNSC product page
Ceylon / Sri Lankan Blue Sapphire,B · Better Everyday,"Baguette-Cut Blue Sapphire & Diamond Cluster Pendant Necklace, 14K White Gold",Blue Nile,fine jewelry (mainstream national retailer),4485.00,https://www.bluenile.com/jewelry/collections/blue-sapphire-diamond,2026-08-11,"price ($4,485) in search snippet; exact product URL not captured, shown via collection page; ORIGIN NOT CEYLON-SPECIFIC - market anchor only"
Ceylon / Sri Lankan Blue Sapphire,B · Better Everyday,Sapphire & Diamond Tennis Necklace in Sterling Silver (8.75 ct t.w. sapphire + 1.50 ct t.w. diamond),Ross-Simons,fine jewelry (value mainstream retailer),1845.00,https://shop.simon.com/products/ross-simons-sapphire-and-diamond-tennis-necklace-in-sterling-silver,2026-08-11,"price ($1,845) in search snippet; ORIGIN NOT CEYLON-SPECIFIC - market anchor for silver + high total carat"
Ceylon / Sri Lankan Blue Sapphire,C · Premium,"Round Blue Ceylon Sapphire & Diamond Art Deco Style Stud Earrings, 18K White Gold",1stDibs (vintage/estate dealer),fine jewelry / estate,4000.00,https://www.1stdibs.com/jewelry/earrings/stud-earrings/round-blue-ceylon-sapphire-diamond-art-deco-style-stud-18k-white-gold-earrings/id-j_26489412,2026-08-11,"price ($4,000) in search snippet; verify on 1stDibs listing"
Ceylon / Sri Lankan Blue Sapphire,C · Premium,"18K White Gold Ceylon Blue Sapphire & Diamond Drop/Dangle Halo Earrings (1.04 ct each sapphire, 58 diamonds 0.27 ctw)",1stDibs (dealer),fine jewelry / estate,5500.00,https://www.1stdibs.com/buy/blue-sapphire-and-diamond-drop-earrings/,2026-08-11,"price ($5,500) described in 1stDibs drop-earring search results; exact product URL not captured, shown via category page - verify"
Ceylon / Sri Lankan Blue Sapphire,C · Premium,"Blue Sapphire & Natural Diamond Stud Earrings, Oval 0.94 Ct., 18K White Gold (#J9385)",The Natural Sapphire Company,fine jewelry (specialist Ceylon dealer),,https://www.thenaturalsapphirecompany.com/sapphire-earrings/ceylon-sri-lankan-blue-sapphire-natural-diamond-studs-earrings-oval-0.94ct-18k-white-gold-j9385/,2026-08-11,price not shown in results; verify on TNSC product page
Ceylon / Sri Lankan Blue Sapphire,C · Premium,2.19 Ct Genuine Cushion Ceylon Blue Sapphire & Diamond 18K White Gold Halo Pendant,Zulily (marketplace listing),fine jewelry (discount marketplace),,https://www.zulily.com/products/2-19-ct-genuine-cushion-ceylon-blue-sapphire-and-diamond-18k-white-gold-halo-pendant,2026-08-11,price not shown in results; marketplace pricing - verify carefully
Ceylon / Sri Lankan Blue Sapphire,C · Premium,"2 Carat Cushion Ceylon Blue Sapphire & Diamond Halo Statement Necklace, 14K White Gold",Raven Fine Jewelers,fine jewelry (designer independent),,https://ravendiamonds.com/product/2-carat-ceylon-blue-sapphire-diamond-statement-necklace-rfj22491/,2026-08-11,price not shown in results; verify on retailer page
Ceylon / Sri Lankan Blue Sapphire,D · Hero / Collector,"GRS Certified 3.70 Carat Natural Ceylon Royal Blue Sapphire Ring, Platinum",1stDibs (dealer),fine jewelry / collector entry,6400.00,https://www.1stdibs.com/jewelry/rings/cocktail-rings/grs-certified-370-carat-natural-ceylon-royal-blue-sapphire-ring-set-platinum/id-j_15447472/,2026-08-11,"price ($6,400) in search snippet; verify heat treatment and full specs on listing"
Ceylon / Sri Lankan Blue Sapphire,D · Hero / Collector,"6.00 Ct Vivid Royal Blue UNHEATED Ceylon Sapphire & Diamond Ring, GRS Certified",1stDibs (dealer),collector / luxury,38000.00,https://www.1stdibs.com/jewelry/rings/cluster-rings/600-ct-vivid-royal-blue-unheated-sapphire-ceylon-diamond-ring-grs-certified/id-j_17790772,2026-08-11,"price ($38,000) in search snippet; verify metal and full specs on listing"
Ceylon / Sri Lankan Blue Sapphire,D · Hero / Collector,SSEF Switzerland UNHEATED Untreated 7 Carat Ceylon Blue Sapphire Ring,1stDibs (dealer),collector / luxury,76000.00,https://www.1stdibs.com/jewelry/rings/cocktail-rings/ssef-switzerland-unheated-untreated-7-carat-ceylon-blue-sapphire-ring/id-j_22503222,2026-08-11,"price ($76,000) in search snippet; verify specs on listing"
Ceylon / Sri Lankan Blue Sapphire,D · Hero / Collector,"Gubelin Certified 4.06 Carat UNHEATED Ceylon Blue Sapphire & Diamond Ring, Platinum",1stDibs (dealer),collector / luxury,84000.00,https://www.1stdibs.com/jewelry/rings/engagement-rings/gubelin-certified-406-carat-unheated-blue-sapphire-diamond-ring-platinum/id-j_27208382,2026-08-11,"current $84,000 shown as 20% off list $105,000 in snippet; verify"
Ceylon / Sri Lankan Blue Sapphire,D · Hero / Collector,"GRS Certified 20 Carat Blue Ceylon UNHEATED Sapphire Ring, Platinum",1stDibs (dealer),luxury / museum-grade collector,128000.00,https://www.1stdibs.com/jewelry/rings/engagement-rings/grs-certified-20-carat-blue-ceylon-unheated-sapphire-ring/id-j_25599882,2026-08-11,"price ($128,000) in search snippet; verify specs on listing"
Star Sapphire,Affordable,"Star Sapphire Sterling Silver Ring: Handmade 6-Ray Asterism, Vintage Style","Etsy (independent maker, listing 4343653107)",artisan,,https://www.etsy.com/listing/4343653107/star-sapphire-sterling-silver-ring,2026-08-11,price not shown in search results; verify on page
Star Sapphire,Affordable,"10k White Gold Blue Star Sapphire & Diamond Vintage Ring, Estate","Espling Jewelers (Jacksonville, FL estate dealer)",fine jewelry (estate),280.00,https://www.esplingjewelers.com/products/10k-white-gold-blue-star-sapphire-diamond-vintage-ring,2026-08-11,"price in search snippet, verify on page"
Star Sapphire,Middle-Market,"Blue Star Sapphire Vintage 10k White Gold Ring, Size 12.5",REMIjewels (vintage dealer),boutique (vintage),745.91,https://www.remijewels.com/blue-star-sapphire-ring/,2026-08-11,"price in search snippet, verify on page"
Star Sapphire,Middle-Market,"Ceylon Star Sapphire Ring, 6 Ray Natural","Etsy (independent maker, listing 1072629841)",artisan,,https://www.etsy.com/listing/1072629841/ceylon-star-sapphire-ring-6-ray-natural,2026-08-11,price not shown in results; verify on page
Star Sapphire,Premium,14k Gold 3 Ct Ceylon Blue Star Sapphire Ring w/ 0.40 tcw Diamonds,Sea Green Mermaid (independent estate/vintage dealer),fine jewelry (estate),,https://seagreenmermaid.com/products/copy-of-14k-gold-ceylon-blue-star-sapphire-ring-w-0-40-tcw-diamonds-video,2026-08-11,price not shown in results and page was egress-blocked; verify on page
Star Sapphire,Premium,14k White Gold 8 Ct Lavender-Gray Star Sapphire Ring w/ Diamond Halo,Sea Green Mermaid (independent estate/vintage dealer),fine jewelry (estate),,https://seagreenmermaid.com/products/14k-white-gold-8-ct-lavender-gray-star-sapphire-ring-w-diamond-halo-video,2026-08-11,price not shown in results; verify on page
Star Sapphire,Luxury / Exceptional,Fine Men's 18 Carat Grey-Blue Star Sapphire and Diamond Gold Vintage Ring,1stDibs (dealer listing),fine jewelry,7000.00,https://www.1stdibs.com/jewelry/rings/solitaire-rings/fine-mens-18-carat-grey-blue-star-sapphire-diamond-gold-vintage-ring/id-j_26718672,2026-08-11,"price in search snippet, verify on page"
Star Sapphire,Luxury / Exceptional,7 Carat Blue Star Sapphire Cabochon & Diamond 14K Gold Nugget Men's Ring,"1stDibs / ASSAY Jewelers (Miami, FL dealer)",fine jewelry,10660.00,https://www.1stdibs.com/jewelry/rings/cocktail-rings/7-carat-blue-star-sapphire-cabochon-diamond-14k-gold-nugget-mens-ring/id-j_26283142,2026-08-11,"price in search snippet, verify on page (also listed on assayjewelers.com)"
Star Sapphire,Luxury / Exceptional,Antique Platinum GIA Ceylon NO HEAT Cabochon Blue Star Sapphire & Diamond Ring,1stDibs (dealer listing),fine jewelry / collector,7906.40,https://www.1stdibs.com/jewelry/rings/cocktail-rings/antique-platinum-gia-ceylon-no-heat-cabochon-blue-star-sapphire-diamond-ring/id-j_19764482,2026-08-11,"price in search snippet, verify on page"
Star Sapphire,Luxury / Exceptional,GIA Certified Natural Blue Star Ceylon (Sri Lanka) Sapphire and Diamond Ring,1stDibs (dealer listing),fine jewelry / collector,8719.12,https://www.1stdibs.com/jewelry/rings/dome-rings/gia-certified-natural-blue-star-ceylon-sri-lanka-sapphire-diamond-ring/id-j_16712692,2026-08-11,"price in search snippet, verify on page"
Star Sapphire,Premium,14k White Gold Diamond & Blue Lindy Star Sapphire Hand Pendant,Sea Green Mermaid (independent estate/vintage dealer),boutique (estate novelty),,https://seagreenmermaid.com/products/14k-white-gold-diamond-blue-lindy-star-sapphire-hand-pendant,2026-08-11,price not shown in results; verify on page
Padparadscha Sapphire,Middle-Market,GRS Certified 1.18ct Padparadscha Sapphire & Diamond Ring in 18k Solid Gold,1stDibs (third-party dealer),fine jewelry,2588.00,https://www.1stdibs.com/jewelry/rings/engagement-rings/grs-certified-118ct-padparadscha-sapphire-diamond-ring-18k-solid-gold/id-j_21070502/,2026-08-11,"price in search snippet, verify on page; listing page not directly fetchable in this environment"
Padparadscha Sapphire,Middle-Market,"Padparadscha Sapphire Pendant, 1.36 ct, Solid 14k White Gold",MineralMiners,fine jewelry,3125.00,https://www.mineralminers.com/html/padparadscha-jewelry.stm,2026-08-11,"price in search snippet, verify on page; page not directly fetchable in this environment"
Padparadscha Sapphire,Middle-Market,"Unheated Padparadscha Sapphire 0.51ct 14KWG Pendant with Diamond, GRS Report",1stDibs (third-party dealer),fine jewelry,2979.00,https://www.1stdibs.com/jewelry/necklaces/drop-necklaces/unheated-padparadscha-sapphire-stone-051-cts-14kwg-pendant-w-dia-grs-report/id-j_17073332,2026-08-11,"price in search snippet, verify on page; page not directly fetchable in this environment"
Padparadscha Sapphire,Premium,1.34 Carat Oval Padparadscha Sapphire & Diamond Ring in 18k Gold (Modani Jewels),1stDibs (Modani Jewels),fine jewelry,15825.00,https://www.1stdibs.com/jewelry/rings/engagement-rings/134-carat-oval-padparadscha-sapphire-diamond-ring-18k-gold/id-j_14577322,2026-08-11,"price in search snippet, verify on page; page not directly fetchable in this environment"
Padparadscha Sapphire,Artisan / One-of-a-kind,"Clio 2ct Padparadscha Sapphire Engagement Ring, Platinum Ultra-Thin Diamond Band",Dana Walden Bridal (NYC),artisan,17500.00,https://www.danawaldenbridal.com/products/clio-peach-padparadscha-sapphire-engagement-ring-platinum-ultra-thin-diamond-band-ethical-handmade-nyc,2026-08-11,"price in search snippet, verify on page; page not directly fetchable in this environment"
Padparadscha Sapphire,Luxury / Exceptional,"Ceylon Padparadscha Sapphire Ring, 4.61 Carat, No Heat, AGL Certified",EraGem,luxury / collector,38400.00,https://eragem.com/adb84259.html,2026-08-11,"price in search snippet (special price vs list), verify on page; page not directly fetchable in this environment"
Padparadscha Sapphire,Luxury / Exceptional,"Untreated Padparadscha Sapphire Ring, 6.19 Carats (SSEF)",M.S. Rau,luxury / collector,405000.00,https://rauantiques.com/products/untreated-padparadscha-sapphire-ring-6-19-carats,2026-08-11,"price in search snippet, verify on page; page not directly fetchable in this environment"
Padparadscha Sapphire,Artisan / One-of-a-kind,"5.73 ct Unheated Ceylon Padparadscha Sapphire Ring, GRS/GIA/Lotus, Platinum & 18k Rose Gold",Enhoerning Jewelry,artisan / fine jewelry,,https://www.enhoerning-jewelry.com/made-by-enhoerning/5-ct-unheated-ceylon-padparadscha-sapphire-ring,2026-08-11,price not shown in results; maker uses inquiry pricing - verify directly
Padparadscha Sapphire,Artisan / One-of-a-kind,"Padparadscha Sapphire Studs, 0.90 ctw, 18k Fairmined Yellow Gold",Darius Jewels,artisan,,https://dariusjewels.com/products/padparadscha-sapphire-studs,2026-08-11,price not shown in results; contact studio - verify directly
Padparadscha Sapphire,Luxury / Exceptional,"Unheated Padparadscha Sapphire & Diamond Stud Earrings, 1.95 ctw, 18k Gold",1stDibs (third-party dealer),fine jewelry / luxury,,https://www.1stdibs.com/buy/padparadscha-earrings/,2026-08-11,price not shown in results; verify on page (page not directly fetchable in this environment)
Chrysoberyl Cat's Eye,Affordable,"Natural Golden Chrysoberyl Cat's Eye Ring, Handmade 925 Sterling Silver Solitaire",Etsy (independent artisan seller),artisan / boutique,58.50,https://www.etsy.com/listing/1137467287/natural-golden-chrysoberyl-cats-eye-ring,2026-08-11,"sale price ($58.50, 50% off $117) seen in search snippet; listing shows unavailable, verify live"
Chrysoberyl Cat's Eye,Affordable,"Chrysoberyl Cat's Eye Pendant, 0.60 ct Cabochon in 14k Yellow Gold",MineralMiners.com,boutique / gem dealer,418.95,https://www.mineralminers.com/html/cymjlry.stm,2026-08-11,"price in search snippet, verify on page"
Chrysoberyl Cat's Eye,Middle-Market,"Kardamome Chrysoberyl Cat's Eye & Diamond Ring, 18k Gold",1stDibs (Kardamome),boutique / fine jewelry,852.00,https://www.1stdibs.com/buy/chrysoberyl-cats-eye/,2026-08-11,"price in search snippet, verify on page"
Chrysoberyl Cat's Eye,Middle-Market,"Chrysoberyl Cat's Eye Ring, 1.32 ct Cabochon (6.7 x 5.0 mm) in 14k Gold",MineralMiners.com,boutique / gem dealer,1625.00,https://www.mineralminers.com/html/cymjlry.stm,2026-08-11,"price in search snippet, verify on page"
Chrysoberyl Cat's Eye,Middle-Market,"Chrysoberyl Cat's Eye Pendant, 1.72 ct Cabochon (7.8 x 5.0 mm) in 14k White Gold",MineralMiners.com,boutique / gem dealer,1625.00,https://www.mineralminers.com/html/cymjlry.stm,2026-08-11,"price in search snippet, verify on page"
Chrysoberyl Cat's Eye,Premium,"Chrysoberyl Cat's Eye Pendant, 2.47 ct Oval Cabochon (9.0 x 7.0 mm) in 14k Yellow Gold",MineralMiners.com,boutique / gem dealer,1895.00,https://www.mineralminers.com/html/cymjlry.stm,2026-08-11,"price in search snippet, verify on page"
Chrysoberyl Cat's Eye,Premium,18k White Gold Natural Green Chrysoberyl Cat's Eye Ring with Diamond,1stDibs,fine jewelry,2390.00,https://www.1stdibs.com/jewelry/rings/fashion-rings/18k-white-gold-natural-green-chrysoberyl-cats-eye-ring-diamond/id-j_17452272,2026-08-11,"price in search snippet, verify on page"
Chrysoberyl Cat's Eye,Luxury / Exceptional,"Chrysoberyl Cat's Eye Men's Ring, 12.5 ct 'Milk & Honey', Certified",1stDibs,luxury / collector,9000.00,https://www.1stdibs.com/jewelry/rings/solitaire-rings/chrysoberyl-cats-eye-ring-125-carats-milk-honey-certified-mens-ring/id-j_13917692,2026-08-11,"price in search snippet, verify on page"
Chrysoberyl Cat's Eye,Luxury / Exceptional,"Gentleman's Cat's Eye Chrysoberyl Estate Ring, 10.64 ct, Strong Milk & Honey, 14k Yellow Gold (Gypsy Style)",Seng Jewelers,luxury / fine jeweler,25000.00,https://www.sengjewelers.com/products/interesting-cats-eye-chrysoberyl-mens-ring-in-14kt-yellow-gold,2026-08-11,"price in search snippet, verify on page"
Chrysoberyl Cat's Eye,Luxury / Exceptional,"Certified Natural Honey Cat's Eye Ring with Diamond, 18 Karat Gold (Cluster)",1stDibs,luxury / fine jewelry,25500.00,https://www.1stdibs.com/jewelry/rings/cluster-rings/certified-natural-honey-cats-eye-ring-diamond-18-karat-gold/id-j_19607042,2026-08-11,"price in search snippet, verify on page"
Chrysoberyl Cat's Eye,Luxury / Exceptional,"Men's Cat's Eye Chrysoberyl Ring, 6.00 ct, with Baguette Diamonds in 18k White Gold",M.S. Rau (rauantiques.com),luxury / collector,,https://rauantiques.com/products/mens-cats-eye-chrysoberyl-ring-6-00-carats,2026-08-11,"price not shown in results; M.S. Rau typically high-four to five figures, verify on page"
Chrysoberyl Cat's Eye,Luxury / Exceptional,"GRS Certified 13.89 ct Chrysoberyl Cat's Eye Men's Ring, 56 Diamonds (0.71 cttw), 18k Yellow Gold",ASSAY Jewelers,luxury / collector,,https://assayjewelers.com/products/grs-certified-13-89-carat-chrysoberyl-cats-eye-mens-18k-ring,2026-08-11,"price not shown in results, verify on page"
Alexandrite (Colour-Change),Middle-Market,"0.36ct Natural Color-Change Alexandrite & Diamond Ring, Yellow Gold and Platinum",1stDibs,fine jewelry,2080.00,https://www.1stdibs.com/jewelry/rings/fashion-rings/36c-natural-color-change-alexandrite-diamond-ring-yellow-gold-platinum/id-j_21854572,2026-08-11,"price in search snippet, verify on page; listing not directly fetchable in this environment"
Alexandrite (Colour-Change),Middle-Market,0.49ct Natural Alexandrite 18k White Gold Ring,The Alexandrite (thealexandrite.com),fine jewelry,2845.00,https://thealexandrite.com/products/0-49ct-natural-alexandrite-18k-white-gold-ring,2026-08-11,"approximate; search snippet cited ~$2,845-$2,895 for this dealer's smaller-stone 18k rings, confirm exact per-stone price on page"
Alexandrite (Colour-Change),Middle-Market,.46 CTW Natural Alexandrite 14k Yellow Gold Stud Earrings,"Vintage Jewelers & Gifts, LLC",fine jewelry,,https://vintagejewelersandgifts.com/products/46-ctw-natural-alexandrite-14ky-gold-stud-earrings,2026-08-11,price not shown in results; verify on page
Alexandrite (Colour-Change),Premium,Platinum GIA 1.68ct Ceylon Green-to-Purple Color-Change Alexandrite & Diamond Ring,1stDibs,fine jewelry,3297.00,https://www.1stdibs.com/jewelry/rings/cocktail-rings/platinum-gia-168ct-ceylon-green-purple-color-change-alexandrite-diamond-ring/id-j_24919122,2026-08-11,"price in search snippet, verify on page; listing not directly fetchable in this environment"
Alexandrite (Colour-Change),Premium,".53 Carat Natural Alexandrite & Diamond Swirl Pendant, 18k White Gold with Chain",1stDibs,fine jewelry,7080.00,https://www.1stdibs.com/jewelry/necklaces/pendant-necklaces/53-carat-alexandrite-diamond-swirl-pendant-white-gold-chain/id-j_6892322,2026-08-11,"price in search snippet, verify on page; listing not directly fetchable in this environment"
Alexandrite (Colour-Change),Luxury / Exceptional,"Natural Gem-Quality Sri Lankan Alexandrite 3.99 carats, Loose, with GIA Report",JupiterGem (also listed on 1stDibs),fine jewelry / collector loose stone,88154.00,https://www.1stdibs.com/jewelry/loose-gemstones/natural-color-change-alexandrite-stone-399-carats-gia-report-jupitergem/id-j_17690702,2026-08-11,"price in search snippet (1stDibs), verify on page; not directly fetchable in this environment"
Alexandrite (Colour-Change),Luxury / Exceptional,GIA Certified 5.50ct Natural Ceylon Alexandrite Ring Accented with Side Diamonds,1stDibs,luxury / collector,95000.00,https://www.1stdibs.com/jewelry/rings/cocktail-rings/gia-certified-550ct-natural-ceylon-alexandrite-ring-accented-side-diamonds/id-j_20619992,2026-08-11,"price in search snippet, verify on page; listing not directly fetchable in this environment"
Alexandrite (Colour-Change),Luxury / Exceptional,"9.27 Carat Natural Sri Lanka (Ceylon) Alexandrite and Diamond Ring, Platinum",RAF - Rare Antique Fine Jewels (rafjewels.com),luxury / collector,,https://www.rafjewels.com/alexandrite/927-carat-natural-alexandrite-and-diamond-ring-1,2026-08-11,price not shown in results; contact dealer / verify on page
Alexandrite (Colour-Change),Luxury / Exceptional,"Natural Color-Change Sri Lankan Alexandrite 8.73 carats, Loose, with GIA Report",JupiterGem (listed on 1stDibs),luxury / collector loose stone,167911.72,https://www.1stdibs.com/jewelry/loose-gemstones/natural-color-change-alexandrite-stone-873-carats-gia-report-jupitergem/id-j_16588992,2026-08-11,"price in search snippet (1stDibs), verify on page; not directly fetchable in this environment"
Alexandrite (Colour-Change),Affordable,Color Change Lab-Created Alexandrite Rhodium-Over-Sterling-Silver Ring 2.99ctw (ROH181),JTV,commodity,,https://www.jtv.com/product/color-change-lab-created-alexandrite-rhodium-over-sterling-silver-ring-2-99ctw/ROH181,2026-08-11,price not shown in results; JTV lab alexandrite typically low double-to-low-triple digits; verify on page
Alexandrite (Colour-Change),Affordable,"Lab-Created Color-Change Alexandrite Ring, 14k Gold / 14k Gold Vermeil (representative Etsy fine-shop listing)",Etsy (multiple fine shops; category page),commodity / boutique,,https://www.etsy.com/market/lab_created_alexandrite_ring,2026-08-11,category page; individual prices not shown in results; many listings are bestsellers with high sales counts - verify per listing
Spinel,Affordable,Natural Blue Spinel & Diamond Handmade 925 Sterling Silver Stud Earrings,Etsy,boutique,,https://www.etsy.com/listing/4392384031/natural-blue-spinel-diamond-handmade-925,2026-08-11,"price not shown in results; listing page not directly fetchable in this environment, needs live verification"
Spinel,Middle-Market,14k White Gold Grey Spinel Martini Stud Earrings 7mm (3.05 cttw),Brummitt Jewelry Design Studio,fine jewelry,,https://brummittjewelrystudio.com/collections/jewelry-under-5000/products/14k-white-gold-natural-7mm-grey-spinel-martini-stud-earrings-g2272,2026-08-11,"price not shown in results; URL sits in seller's 'jewelry under $5000' collection; listing page not directly fetchable, needs live verification"
Spinel,Middle-Market,"Natural Blue Spinel Ring, 3.70 ct, 14k White Gold",MineralMiners.com,boutique,1995.00,https://www.mineralminers.com/html/natural-spinel-rings.stm,2026-08-11,"price in search snippet, verify on page; listing page not directly fetchable, needs live verification"
Spinel,Middle-Market,"Lavender Spinel & Diamond 14K Gold Ring, 2.54 ct",Karana Jewels,boutique,1491.25,https://www.karanajewels.com/products/lavender-spinel-diamond-14k-gold-engagement-band-copy,2026-08-11,"price in search snippet, verify on page; listing page not directly fetchable, needs live verification"
Spinel,Middle-Market,"Purple Spinel Ring 8x6mm (1.6 ct) with Earth-Mined Diamonds, Solid 14k Yellow Gold",1stDibs,fine jewelry,1504.80,https://www.1stdibs.com/jewelry/rings/cocktail-rings/8x6mm-16cts-purple-spinel-ring-w-earth-mined-diamonds-solid-14k-yellow-gold/id-j_26899792,2026-08-11,"price in search snippet (on-sale from $1,881), verify on page; listing page not directly fetchable, needs live verification"
Spinel,Artisan / One-of-a-kind,"14K White Gold Grey Spinel and Diamond Ring, 1.33 ct (by Steve Moriarty)",Moriarty's Gem Art (moregems.com),artisan,,https://www.moregems.com/products/14k-white-gold-grey-spinal-and-diamond-ring-1-33-carats,2026-08-11,"price not shown in results; listing page not directly fetchable, needs live verification (call studio)"
Spinel,Premium,"Oval Cut Lavender Spinel and Pave Diamond Halo Ring, 14 Karat White Gold",1stDibs,fine jewelry,1975.00,https://www.1stdibs.com/jewelry/rings/cocktail-rings/oval-cut-lavender-spinel-pave-diamond-halo-ring-set-14-karat-white-gold/id-j_20975572,2026-08-11,"price in search snippet, verify on page; listing page not directly fetchable, needs live verification"
Spinel,Artisan / One-of-a-kind,Rhubarb Pink Cushion Cut Spinel Ring,Gem Breakfast,artisan / fine jewelry,2700.00,https://gembreakfast.com/collections/spinel-rings,2026-08-11,"price in search snippet, verify on page; listing page not directly fetchable, needs live verification"
Spinel,Premium,"Certified Unheated Cobalt Blue Spinel with Diamond Ring, 18K White Gold",1stDibs,fine jewelry,3840.00,https://www.1stdibs.com/jewelry/rings/solitaire-rings/certified-unheated-cobalt-blue-spinel-diamond-ring-18k-white-gold/id-j_11933932,2026-08-11,"price in search snippet (on-sale from $4,280), verify on page; listing page not directly fetchable, needs live verification"
Spinel,Premium,"Red Spinel and Pave Diamond Ring, 2.28 ct, 18k White Gold",1stDibs,fine jewelry,4000.00,https://www.1stdibs.com/jewelry/rings/cocktail-rings/228-carat-red-spinel-paved-diamond-ring-18k-white-gold/id-j_22869902,2026-08-11,"price in search snippet, verify on page; listing page not directly fetchable, needs live verification"
Spinel,Premium,"GRS-Certified Unheated Burmese Vivid Red Spinel Ring, 1.46 ct",1stDibs,fine jewelry,3600.00,https://www.1stdibs.com/jewelry/rings/engagement-rings/146-carat-grs-certified-unheated-burmese-vivid-red-spinel/id-j_12171292,2026-08-11,"price in search snippet, verify on page; listing page not directly fetchable, needs live verification"
Spinel,Luxury / Exceptional,"GIA Certified 1.02 Carat Cobalt Blue Spinel Ring, 18K White Gold",1stDibs,fine jewelry / luxury,6120.00,https://www.1stdibs.com/jewelry/rings/engagement-rings/gia-certified-102-carat-cobalt-blue-spinel-ring/id-j_22866372,2026-08-11,"price in search snippet, verify on page; listing page not directly fetchable, needs live verification"
Spinel,Luxury / Exceptional,Natural Cobalt Blue Spinel 2.18 cts in 18KWG Ring with Diamonds (GRS Report),1stDibs,luxury,20141.24,https://www.1stdibs.com/jewelry/rings/cluster-rings/natural-blue-cobalt-spinel-stone-218-cts-18kwg-ring-w-diamonds-grs-report/id-j_21039422,2026-08-11,"price in search snippet, verify on page; listing page not directly fetchable, needs live verification"
Spinel,Luxury / Exceptional,Natural Cobalt Blue Spinel 5.15 cts in 18KWG Ring with Diamonds (GRS Report),1stDibs,luxury,52279.67,https://www.1stdibs.com/jewelry/rings/engagement-rings/natural-blue-cobalt-spinel-stone-515-cts-18kwg-ring-w-diamonds-grs-report/id-j_18587352,2026-08-11,"price in search snippet, verify on page; listing page not directly fetchable, needs live verification"
Spinel,Luxury / Exceptional,"Ceylon Cobalt Blue Spinel Ring with D Flawless Diamonds, 18K Yellow Gold",Kat Florence,luxury,,https://www.katflorence.com/products/ceylon-cobalt-blue-spinel-ring-with-d-flawless-diamonds-set-in-18k-yellow-gold-kf07051,2026-08-11,"price not shown in results; listing page not directly fetchable, needs live verification"
Zircon (Natural Mineral),Affordable,Blue Zircon Rhodium Over Sterling Silver Ring 2.64ctw (CTB2333),JTV,commodity,,https://www.jtv.com/product/blue-zircon-rhodium-over-sterling-silver-ring-2-64ctw/CTB2333,2026-08-11,"price not shown in results; JTV blue-zircon rings observed spanning roughly $49.99 (from $114.99) up to $244.99 (from $491.99) in search snippets, verify on page"
Zircon (Natural Mineral),Affordable,Blue And White Zircon Rhodium Over Sterling Silver Cross Pendant With Chain 5.60ctw (DOCY125),JTV,commodity,,https://www.jtv.com/product/blue-and-white-zircon-rhodium-over-sterling-silver-cross-pendant-with-chain-5-60ctw/DOCY125,2026-08-11,"price not shown in results; JTV blue-zircon necklaces observed at $39.99, $74.99 and up to $364.49 in snippets, verify on page"
Zircon (Natural Mineral),Middle-Market,Blue Zircon 14K Yellow Gold Ring 2.98ctw (WPG510),JTV,commodity to boutique,,https://www.jtv.com/product/blue-zircon-14k-yellow-gold-ring-2-98ctw/WPG510,2026-08-11,specific price not in snippet; verify on page
Zircon (Natural Mineral),Premium,Pre-Owned Blue Zircon 14k Yellow Gold Ring 3.48ctw (P310357),JTV,boutique / fine jewelry,,https://www.jtv.com/product/pre-owned-blue-zircon-14k-yellow-gold-ring-3-48ctw/P310357,2026-08-11,specific price not in snippet; verify on page
Zircon (Natural Mineral),Middle-Market,"Blue Zircon Solitaire Slide Necklace 14k Gold (5mm AAA, ~0.65ct)",Etsy (fine gemstone shop),boutique,,https://www.etsy.com/listing/1083466936/blue-zircon-solitaire-necklace-14k-gold,2026-08-11,"price not shown in results; listing had ratings ~4.8+, verify price on page"
Zircon (Natural Mineral),Premium,Blue Zircon Stud Earrings 14K White Gold 2.47cttw,Jon Thomas Fine Jewelry,fine jewelry,595.00,https://www.jonthomasfinejewelry.com/fashion-jewelry/14k-white-gold-blue-zircon-stud-earrings,2026-08-11,"price in search snippet ($595 starting), verify on page"
Zircon (Natural Mineral),Middle-Market,Genuine Natural Blue Zircon 4-Prong Stud Earrings 14K White Gold (2mm-6mm options),1000Jewels.com,boutique,,https://1000jewels.com/products/genuine-natural-blue-zircon-4-prong-stud-earrings-14k-white-gold,2026-08-11,"specific price not in snippet; comparable blue-zircon studs in 14k WG observed roughly $190-$920 across sellers by size, verify on page"
Zircon (Natural Mineral),Artisan / One-of-a-kind,14K White Gold Blue Zircon and Diamond Ring 1.70 Carats (Steve Moriarty),Moriartys Gem Art (moregems.com),artisan / fine jewelry,,https://www.moregems.com/products/14k-white-gold-blue-zircon-and-diamond-ring-1-70-carats,2026-08-11,"this ring's price not in snippet; comparable Moriarty blue-zircon-and-diamond rings (e.g. 6.57ct pear) observed at ~$5,990, verify on page"
Zircon (Natural Mineral),Luxury / Exceptional,Natural Blue Zircon 26.88 Carats 14K White Gold Ring with Diamonds,1stDibs,luxury / collector,19809.77,https://www.1stdibs.com/jewelry/rings/cocktail-rings/natural-blue-zircon-stone-2688-carats-set-14k-white-gold-ring-diamonds/id-j_23623002,2026-08-11,"asking price in search snippet ($19,809.77), verify on page"
Zircon (Natural Mineral),Middle-Market,"Natural Zircon Pendant 5.19ct Cushion, Solid 14k Yellow Gold (Sri Lanka)",MineralMiners.com,boutique,854.25,https://www.mineralminers.com/html/zirjlry.stm,2026-08-11,"price in search snippet ($854.25), verify on page"
Zircon (Natural Mineral),Luxury / Exceptional,Green Zircon 7.40ct Ring in 18K Champagne Gold (Ceylon),Gemstock.org,fine jewelry / luxury,4850.00,https://gemstock.org/product/5855/,2026-08-11,"price in search snippet ($4,850), verify on page"
Zircon (Natural Mineral),Affordable,Sri Lankan Green Zircon Sterling Silver Ring 0.212ct (7029HG),Juwelo,commodity,,https://www.juwelo.com/ceylon-green-zircon-silver-ring-7029hg/,2026-08-11,price not shown in results; verify on page
Zircon (Natural Mineral),Affordable,Natural White Zircon 925 Sterling Silver Ring (4.00mm center + accents),Etsy (gemstone shop),boutique / artisan,,https://www.etsy.com/listing/1641880195/natural-white-zircon-silver-ring,2026-08-11,"price not shown in results; reviews cited genuine sparkling white zircon and fast shipping, verify price on page"
Zircon (Natural Mineral),Premium,Blue Zircon Rings (fine jewelry collection),Angara,fine jewelry,,https://www.angara.com/c/blue+zircon-rings,2026-08-11,"collection-level range in snippet (~$1,500 to ~$5,878); no single product price captured, verify on page"
Hessonite Garnet,Affordable,Red Hessonite Garnet Sterling Silver Pendant With Chain 4.72ct (SWI1020),JTV (Jewelry Television),commodity,,https://www.jtv.com/product/SWI1020,2026-08-11,price not shown in search results; verify on JTV page (JTV commonly under ~$100 for this class)
Hessonite Garnet,Affordable,Red Hessonite Garnet Rhodium Over Sterling Silver Ring 6.13ctw (NCH115),JTV (Jewelry Television),commodity,,https://www.jtv.com/product/red-hessonite-garnet-rhodium-over-sterling-silver-ring-6-13ctw-/NCH115,2026-08-11,price not shown in results; verify on JTV page
Hessonite Garnet,Affordable,Hessonite Garnet Bracelet (8mm smooth natural hessonite),Earthly Abundance Jewelry,boutique,,https://www.earthlyabundancejewelry.com/products/hessonite-garnet-bracelet-14k,2026-08-11,price not shown in results; verify on page (bead bracelets of this class typically low hundreds)
Hessonite Garnet,Middle-Market,Hessonite Garnet Earrings; Genuine Untreated Sri Lanka Garnet; 2.835cts,Mark Oliver Gems (Etsy shop / markolivergems.com),boutique,,https://www.etsy.com/listing/1807049279/hessonite-garnet-earrings-genuine,2026-08-11,price not shown in results; verify on Etsy listing
Hessonite Garnet,Artisan / One-of-a-kind,Hessonite Garnet Stud Earrings (22k gold bezel over sterling),Ananda Khalsa,artisan,245.00,https://anandakhalsa.com/products/hessionite-garnet-stud-earrings,2026-08-11,'from $245' range ($245-$380) seen in snippet; verify size tiers on page
Hessonite Garnet,Artisan / One-of-a-kind,Hessonite Garnet Cocktail Ring in 14k Gold and Sterling Silver (3.18ct),"Emily Amey (via LAPIS Tacoma; also emilyamey.com, Silverado Saratoga)",artisan,835.00,https://lapistacoma.com/products/emily-amey-hessonite-garnet-ring-3-18ct-14k-yg-and-sterling-size-7-75,2026-08-11,$835 at LAPIS Tacoma; same/similar seen at Silverado Saratoga ~$760; verify size/stone
Hessonite Garnet,Artisan / One-of-a-kind,Captured Hessonite Garnet Studs in 14k Gold,Hilary Finck Jewelry,artisan / fine jewelry,925.00,https://hilaryfinck.com/products/hessonite-garnet-studs-captured%C2%AE-in-14k-gold,2026-08-11,$925 on maker site; one stockist showed $695 sale from $950; verify
Hessonite Garnet,Artisan / One-of-a-kind,Hessonite Garnet Sterling Silver & 14k Gemstone Ring 7.84ct,Crystalarium,artisan,,https://www.crystalarium.com/products/hessonite-garnet-7-84ct-sterling-silver-14k-handcrafted-gemstone-ring,2026-08-11,price not shown in results; verify on Crystalarium page
Hessonite Garnet,Artisan / One-of-a-kind,Hessonite Garnet Ring in 18k Gold and Sterling Silver,Linda Blumel Studio,artisan,,https://www.lindablumel.com/shop/hessonite-garnet-ring-in-18k-gold-and-sterling-silver,2026-08-11,price not shown in results; verify on studio site
Hessonite Garnet,Luxury / Exceptional,"Red Hessonite Garnet Ring 8.03 Ct., 18K Yellow Gold with ~1.92ctw Diamonds (Ceylon)",The Natural Gemstone Company (naturalgemstones.com),fine jewelry / luxury,,https://naturalgemstones.com/design-your-own/review/red-hessonite-garnet-ring-cushion-8.03ct-18k-yellow-gold-js1460y18-k207/,2026-08-11,price not shown in results; verify on page (build-your-own configurator)
Hessonite Garnet,Premium,Luxoro AAA Ceylon Hessonite Garnet 7.05 ctw Ring in 10K Yellow Gold (Certified & Appraised),ShopLC,commodity-to-fine (TV shopping premium line),,https://www.shoplc.com/certified-and-appraised-luxoro-aaa-ceylon-hessonite-garnet-7.05-ctw-ring-in-10k-yellow-gold-size-7.0-4.40-grams/p/7815835.html,2026-08-11,"$5,999.99 is ShopLC's stated retail/appraised value, NOT an actual asking/sale price - ShopLC sells well below appraisal; treat as inflated list, verify live selling price"
Hessonite Garnet,Luxury / Exceptional,Hessonite Garnet Cocktail Ring 9.18ct in 18K Yellow Gold,"1stDibs (Sarosi By Timeless Gems, Los Angeles)",luxury / fine jewelry (dealer),,https://www.1stdibs.com/buy/hessonite-garnet-ring/,2026-08-11,specific price not shown in results; 1stDibs listing needs live verification
Hessonite Garnet,Affordable,Certified Hessonite Garnet (Gomed) Ring in 925 Sterling Silver - Astrological Ring for Rahu,Etsy (handmade Jyotish/astrological seller),commodity (astrological niche),,https://www.etsy.com/listing/4339570370/certified-hessonite-garnet-ring-in-925,2026-08-11,price not shown in results; verify on Etsy listing
